"Timestamp","ToolName","ErrorMessage","SessionFile","UserMessage"
"2026/5/24 13:11:31","pwsh",,"2026-05-24T12-50-54-865Z_019e5a09-d711-7a62-bafc-97583ba87d8b.jsonl","帮我整理过去的会话记录，整理出调用工具失败的记录，以及它前后的相关记录，如果有相似工具再次调用成功的记录更好。给我放一个文件夹下，建议就放这个文件夹下吧"
"2026/5/24 13:12:16","read",,"2026-05-24T12-50-54-865Z_019e5a09-d711-7a62-bafc-97583ba87d8b.jsonl","你用的这个工具太慢了"
"2026/5/24 13:27:50","pwsh",,"2026-05-24T12-50-54-865Z_019e5a09-d711-7a62-bafc-97583ba87d8b.jsonl","你用的这个工具太慢了"
"2026/5/24 1:50:01","pwsh",,"2026-05-24T01-46-08-711Z_019e57a9-39c7-7457-9430-4a4a0f2d0f1a.jsonl","我之前提到我的远程扩展的app中复制时选框颜色和md渲染以及用户回复蓝色气泡颜色太接近导致看不清楚。特别md渲染，感觉好像覆盖在了选框之上一样。现在还是没有修好，帮我看看怎么回事？"
"2026/5/24 1:51:00","edit",,"2026-05-24T01-46-08-711Z_019e57a9-39c7-7457-9430-4a4a0f2d0f1a.jsonl","我之前提到我的远程扩展的app中复制时选框颜色和md渲染以及用户回复蓝色气泡颜色太接近导致看不清楚。特别md渲染，感觉好像覆盖在了选框之上一样。现在还是没有修好，帮我看看怎么回事？"
"2026/5/24 2:28:24","edit",,"2026-05-24T01-46-08-711Z_019e57a9-39c7-7457-9430-4a4a0f2d0f1a.jsonl","不对，不对，还是不行，依然不对,什么都没改变。首先我是安卓手机。然后，这个选框改颜色的机制，你能不能给我详细介绍一下是什么原理？我们方便找原因"
"2026/5/24 2:28:24","edit",,"2026-05-24T01-46-08-711Z_019e57a9-39c7-7457-9430-4a4a0f2d0f1a.jsonl","不对，不对，还是不行，依然不对,什么都没改变。首先我是安卓手机。然后，这个选框改颜色的机制，你能不能给我详细介绍一下是什么原理？我们方便找原因"
"2026/5/24 2:33:56","pwsh",,"2026-05-24T01-46-08-711Z_019e57a9-39c7-7457-9430-4a4a0f2d0f1a.jsonl","我在安装时，它显示的版本号还是0.1.0"
"2026/5/24 2:35:25","edit",,"2026-05-24T01-46-08-711Z_019e57a9-39c7-7457-9430-4a4a0f2d0f1a.jsonl","奇怪啊，我还是0.1.0，你改个名字，重新构建一次试试"
"2026/5/24 2:35:38","edit",,"2026-05-24T01-46-08-711Z_019e57a9-39c7-7457-9430-4a4a0f2d0f1a.jsonl","奇怪啊，我还是0.1.0，你改个名字，重新构建一次试试"
"2026/5/24 2:35:38","edit",,"2026-05-24T01-46-08-711Z_019e57a9-39c7-7457-9430-4a4a0f2d0f1a.jsonl","奇怪啊，我还是0.1.0，你改个名字，重新构建一次试试"
"2026/5/24 2:46:12","edit",,"2026-05-24T01-46-08-711Z_019e57a9-39c7-7457-9430-4a4a0f2d0f1a.jsonl","可以看到红色了，那之前应该是包的问题。不过现在还有个问题是，我的AI回复好像连选中都没法选中了"
"2026/5/24 2:46:25","edit",,"2026-05-24T01-46-08-711Z_019e57a9-39c7-7457-9430-4a4a0f2d0f1a.jsonl","可以看到红色了，那之前应该是包的问题。不过现在还有个问题是，我的AI回复好像连选中都没法选中了"
"2026/5/24 2:46:25","edit",,"2026-05-24T01-46-08-711Z_019e57a9-39c7-7457-9430-4a4a0f2d0f1a.jsonl","可以看到红色了，那之前应该是包的问题。不过现在还有个问题是，我的AI回复好像连选中都没法选中了"
"2026/5/24 2:46:25","edit",,"2026-05-24T01-46-08-711Z_019e57a9-39c7-7457-9430-4a4a0f2d0f1a.jsonl","可以看到红色了，那之前应该是包的问题。不过现在还有个问题是，我的AI回复好像连选中都没法选中了"
"2026/5/24 2:46:25","edit",,"2026-05-24T01-46-08-711Z_019e57a9-39c7-7457-9430-4a4a0f2d0f1a.jsonl","可以看到红色了，那之前应该是包的问题。不过现在还有个问题是，我的AI回复好像连选中都没法选中了"
"2026/5/24 2:53:38","edit",,"2026-05-24T01-46-08-711Z_019e57a9-39c7-7457-9430-4a4a0f2d0f1a.jsonl","你刚才发给我的版本，ai的回复还是没法选中。另外，我希望你尽可能先回退到早期的简洁补丁版本，先不要做这个强制性的修补，我们重新试一试"
"2026/5/24 3:01:49","edit",,"2026-05-24T01-46-08-711Z_019e57a9-39c7-7457-9430-4a4a0f2d0f1a.jsonl","哦，我懂了，可以，就按这样子吧"
"2026/5/24 3:08:09","edit",,"2026-05-24T01-46-08-711Z_019e57a9-39c7-7457-9430-4a4a0f2d0f1a.jsonl","可以选中了，但是代码块的渲染好像还是看不出来。你确定不是这个代码块覆盖在这个选框上了吗？因为我感觉颜色好像没有任何变化"
"2026/5/24 3:08:09","edit",,"2026-05-24T01-46-08-711Z_019e57a9-39c7-7457-9430-4a4a0f2d0f1a.jsonl","可以选中了，但是代码块的渲染好像还是看不出来。你确定不是这个代码块覆盖在这个选框上了吗？因为我感觉颜色好像没有任何变化"
"2026/5/24 3:14:45","edit",,"2026-05-24T01-46-08-711Z_019e57a9-39c7-7457-9430-4a4a0f2d0f1a.jsonl","那我得告诉你，这个代码块还是没有起效。"
"2026/5/24 3:22:06","edit",,"2026-05-24T01-46-08-711Z_019e57a9-39c7-7457-9430-4a4a0f2d0f1a.jsonl","A"
"2026/5/24 3:26:14","edit",,"2026-05-24T01-46-08-711Z_019e57a9-39c7-7457-9430-4a4a0f2d0f1a.jsonl","E:\QQfile/Screenshot_2026-05-24-11-25-23-790_com.piremote.d.jpg你看，还是有灰色块"
"2026/5/24 3:34:04","pwsh",,"2026-05-24T01-46-08-711Z_019e57a9-39c7-7457-9430-4a4a0f2d0f1a.jsonl","先试下方案二，看看"
"2026/5/24 3:34:56","pwsh",,"2026-05-24T01-46-08-711Z_019e57a9-39c7-7457-9430-4a4a0f2d0f1a.jsonl","先试下方案二，看看"
"2026/5/24 3:36:41","pwsh",,"2026-05-24T01-46-08-711Z_019e57a9-39c7-7457-9430-4a4a0f2d0f1a.jsonl","先试下方案二，看看"
"2026/5/24 2:11:45","pwsh",,"2026-05-24T02-07-09-581Z_019e57bc-770d-7680-bff3-58decb341f97.jsonl","改"
"2026/5/23 18:43:14","read",,"2026-05-23T18-42-59-820Z_019e5625-d26c-7c08-8cd4-f6d160d0d0e8.jsonl","<skill name=""pi-docs"" location=""C:\Users\32858\.pi\agent\skills\pi-docs\SKILL.md"">
References are re"
"2026/5/23 18:22:13","edit",,"2026-05-23T16-37-10-855Z_019e55b2-a247-70e2-989e-d9a7f4f04d8c.jsonl","我同意修改我的底层实现，为了实现期望的效果，不要过于保守。"
"2026/5/23 18:24:22","pwsh",,"2026-05-23T16-37-10-855Z_019e55b2-a247-70e2-989e-d9a7f4f04d8c.jsonl","我同意修改我的底层实现，为了实现期望的效果，不要过于保守。"
"2026/5/23 18:25:03","pwsh",,"2026-05-23T16-37-10-855Z_019e55b2-a247-70e2-989e-d9a7f4f04d8c.jsonl","我同意修改我的底层实现，为了实现期望的效果，不要过于保守。"
"2026/5/23 18:25:50","pwsh",,"2026-05-23T16-37-10-855Z_019e55b2-a247-70e2-989e-d9a7f4f04d8c.jsonl","我同意修改我的底层实现，为了实现期望的效果，不要过于保守。"
"2026/5/23 18:26:03","read",,"2026-05-23T16-37-10-855Z_019e55b2-a247-70e2-989e-d9a7f4f04d8c.jsonl","我同意修改我的底层实现，为了实现期望的效果，不要过于保守。"
"2026/5/23 18:26:47","pwsh",,"2026-05-23T16-37-10-855Z_019e55b2-a247-70e2-989e-d9a7f4f04d8c.jsonl","我同意修改我的底层实现，为了实现期望的效果，不要过于保守。"
"2026/5/23 18:31:16","pwsh",,"2026-05-23T16-37-10-855Z_019e55b2-a247-70e2-989e-d9a7f4f04d8c.jsonl","我同意修改我的底层实现，为了实现期望的效果，不要过于保守。"
"2026/5/23 18:34:02","pwsh",,"2026-05-23T16-37-10-855Z_019e55b2-a247-70e2-989e-d9a7f4f04d8c.jsonl","我同意修改我的底层实现，为了实现期望的效果，不要过于保守。"
"2026/5/23 18:34:33","read",,"2026-05-23T16-37-10-855Z_019e55b2-a247-70e2-989e-d9a7f4f04d8c.jsonl","我同意修改我的底层实现，为了实现期望的效果，不要过于保守。"
"2026/5/23 18:37:09","pwsh",,"2026-05-23T16-37-10-855Z_019e55b2-a247-70e2-989e-d9a7f4f04d8c.jsonl","我同意修改我的底层实现，为了实现期望的效果，不要过于保守。"
"2026/5/23 18:39:07","pwsh",,"2026-05-23T16-37-10-855Z_019e55b2-a247-70e2-989e-d9a7f4f04d8c.jsonl","我同意修改我的底层实现，为了实现期望的效果，不要过于保守。"
"2026/5/23 17:46:05","pwsh",,"2026-05-23T17-43-29-662Z_019e55ef-587e-7ad6-b56a-7d493074fd17.jsonl","对于我的plan mode扩展中的审查subagent，它可见的上下文中要保证能把在discuss下的对话加入进去，不过discuss中的思考内容和工具调用可以不一定保证"
"2026/5/23 17:38:30","pwsh",,"2026-05-23T17-37-08-266Z_019e55e9-86aa-7633-833d-c679dac3a8aa.jsonl","我想问一件事，我的plan mode的discuss模式最后不是要输入/plan-finalise来结束吗？那我在我的远程app上要怎么实现呢？"
"2026/5/23 17:39:16","pwsh",,"2026-05-23T17-37-08-266Z_019e55e9-86aa-7633-833d-c679dac3a8aa.jsonl","我想问一件事，我的plan mode的discuss模式最后不是要输入/plan-finalise来结束吗？那我在我的远程app上要怎么实现呢？"
"2026/5/23 16:51:25","pwsh",,"2026-05-23T16-50-20-455Z_019e55be-aea6-75a3-9233-7cdd2e59ec27.jsonl","<skill name=""pi-docs"" location=""C:\Users\32858\.pi\agent\skills\pi-docs\SKILL.md"">
References are re"
"2026/5/23 17:00:57","web_fetch",,"2026-05-23T16-50-20-455Z_019e55be-aea6-75a3-9233-7cdd2e59ec27.jsonl","执行"
"2026/5/23 17:03:50","web_fetch",,"2026-05-23T16-50-20-455Z_019e55be-aea6-75a3-9233-7cdd2e59ec27.jsonl","执行"
"2026/5/23 17:03:50","web_fetch",,"2026-05-23T16-50-20-455Z_019e55be-aea6-75a3-9233-7cdd2e59ec27.jsonl","执行"
"2026/5/23 15:51:23","pwsh",,"2026-05-23T15-46-27-827Z_019e5584-3373-7c43-b42d-2834ddb07e87.jsonl","可以。除此之外还有一件事，就是我发现有时候收到的是片段内容，是不是因为流式传输中把比如前面的一部分给丢掉了？不过他过一段时间他好像会重新刷新加载，这样会把完整内容展示出来，但是这个体验有没有办法改善？"
"2026/5/23 15:52:51","pwsh",,"2026-05-23T15-46-27-827Z_019e5584-3373-7c43-b42d-2834ddb07e87.jsonl","可以。除此之外还有一件事，就是我发现有时候收到的是片段内容，是不是因为流式传输中把比如前面的一部分给丢掉了？不过他过一段时间他好像会重新刷新加载，这样会把完整内容展示出来，但是这个体验有没有办法改善？"
"2026/5/23 16:35:44","pwsh",,"2026-05-23T15-46-27-827Z_019e5584-3373-7c43-b42d-2834ddb07e87.jsonl","对了，还有一件事，好像很多错误信息不会传发到我的手机上，你认为这合理吗？"
"2026/5/23 15:44:31","pwsh",,"2026-05-23T15-42-28-140Z_019e5580-8b2c-77ea-8a55-c0dd3fe4c8f6.jsonl","帮我把那个远程连接扩展对应的APP所在的文件夹目录记录到pi-docs这个skill中"
"2026/5/23 10:44:17","pwsh",,"2026-05-23T10-43-23-847Z_019e546e-bc47-7fc6-afd1-1778cb571e9e.jsonl","pi中出现Error: terminated这个错误什么意思？"
"2026/5/23 10:52:39","pwsh",,"2026-05-23T10-43-23-847Z_019e546e-bc47-7fc6-afd1-1778cb571e9e.jsonl","继续"
